,Filename,plant_height,first_branch_height,branch_count,plant_length,first_pod_height,average_internode_length
0,IMG_0776.jpg,98.62874612185593,10.28961992563936,4,98.55141724065878,25.29453856579815,13.314112779382786
1,IMG_1066.jpg,116.4587693685788,9.301269982854993,5,116.01618373432949,15.845817207599957,5.059101205461362
2,IMG_0850.jpg,90.57603205508538,6.861124328415798,8,85.62966043510457,7.644391085103301,4.079358546656319
3,IMG_1008.jpg,106.42728114182074,18.684690516621284,5,100.70397313328036,15.333792327668263,6.690553086254981
4,IMG_1056.jpg,97.04551331783752,12.4870204259782,4,89.86433805554432,11.618995017289231,2.9933149538111694
5,IMG_0806.jpg,108.03348147340499,12.986951434586956,8,99.15124350174001,10.948578136759572,5.317083541386584
6,IMG_0882.jpg,117.49563734610511,18.570550031255348,5,111.36423460650275,14.617501461299211,5.055319654423505
7,IMG_1006.jpg,105.23982313995315,10.03351345931175,6,113.63017267571001,8.523164377724015,8.973245615562167
8,IMG_0890.jpg,97.05093781107263,9.020048869989132,4,94.4984652193086,8.539729989328741,4.862683772608618
9,IMG_0802.jpg,89.01987520219448,8.39431807409236,17,96.57392296079175,7.636796185743938,14.64192742544869
10,IMG_0580.jpg,48.295476333001254,6.62943552755438,4,47.03845439223704,6.472508108849994,2.467615218767648
11,IMG_0872.jpg,91.39011801166521,9.592756698589206,14,89.9942642588621,6.884425473298223,7.65261500387735
12,IMG_0845.jpg,94.26037674934663,11.516469064299274,6,89.0317033762392,11.131101502929717,8.932942724809573
13,IMG_0781.jpg,81.94780646032532,6.250459746721249,20,80.38768516899056,3.8460254871625614,14.992937432556818
14,IMG_0794.jpg,90.99586456289505,20.480844669462176,7,80.61474460539364,11.10844241935704,7.823716904683451
15,IMG_0790.jpg,91.41553881703105,15.319752557472915,15,81.05577286149689,14.036298580912248,8.396882785656256
16,IMG_0828.jpg,112.18694615491458,7.031773957656707,7,110.68515026269117,6.420280437070554,12.464844858580223
17,IMG_1058.jpg,131.52208224027305,10.544335373133556,10,120.7018035368584,8.333108640771462,12.52519581134204
18,IMG_1000.jpg,117.95013992841751,7.133374935643105,8,109.2769989601842,8.233186968943853,6.184027604112347
19,IMG_0870.jpg,97.2289202026757,12.7579726065884,7,89.97530032031159,11.256773236429714,4.0048373503988115
20,IMG_0814.jpg,90.10243362432104,9.159788430093341,8,84.29106335460742,7.6680531696216585,10.131680960832519
21,IMG_0888.jpg,77.53139761481141,11.70687048002753,5,68.39195410652094,9.690305584228986,7.249085084408302
22,IMG_0886.jpg,108.90596489749284,9.998423591364775,8,103.55706609728817,6.292682911281155,4.959933451158622
23,IMG_1050.jpg,103.77463551125147,12.92226523014806,9,99.42732950189331,11.664107875996033,10.07104574278526
24,IMG_0776.jpg,96.14046745973222,9.030417808832386,7,90.90775470984184,7.628704527460139,6.143602236025517
25,IMG_0767.jpg,105.78900976708684,7.776371627791687,19,98.326529939323,7.934162096606014,5.589851613617911
26,IMG_0861.jpg,94.16085270617437,13.331484590404939,11,89.55102253603198,11.755637646237897,7.438518616869893
27,IMG_1054.jpg,105.14639734658655,42.13138337710524,2,98.117526885027,38.585048005593265,3.315694176040742
28,IMG_0863.jpg,90.47230354175588,13.867399731083514,7,83.8485253551059,14.990815307380323,6.642851222529513
29,IMG_0898.jpg,96.15417270299794,14.501992985403035,6,93.42173987618685,10.582929694909101,4.526945516419819
30,IMG_0788.jpg,93.18105158260327,14.42305364565153,7,94.11385744729924,12.351076613085194,7.689290218884071
31,IMG_0848.jpg,111.76153660336198,25.377717545299586,9,115.2862425875405,23.82796240669575,7.077817813314153
32,IMG_1018.jpg,106.7239015990484,14.882107759599199,15,107.79317573915995,15.037545997546896,6.247640762306312
33,IMG_0859.jpg,99.77353651389254,18.55985673100471,7,97.43752585419013,12.943752373371321,9.622828342380597
34,IMG_1012.jpg,109.23967141432948,7.667949956407039,13,105.72699351442775,9.04646200777345,10.766583090018838
35,IMG_0830.jpg,100.56656960193321,10.377317651975932,14,98.41432811736104,7.509704975394758,4.479337572394117
36,IMG_0765.jpg,103.18487297593288,8.270076326656163,7,110.60790055112852,7.009367272061146,9.564249464116587
37,IMG_0582.jpg,63.91291521688614,7.2448810759952424,5,61.05646014500109,8.007919651811383,3.4269922822083183
38,IMG_1016.jpg,109.5856345478975,10.422224079995589,12,112.30383232645907,9.377977934738231,7.706537214598144
39,IMG_0586.jpg,67.54440055436835,7.889325626609087,6,62.69179805100522,6.364825578880689,3.8308971805775727
40,IMG_0822.jpg,101.25627058194895,11.220228958091589,15,98.86079620267307,9.190331011029116,8.090191056824205
41,IMG_0896.jpg,102.86342825441487,8.714317490091139,5,101.05991667137062,7.790830539015824,6.995959619745861
42,IMG_1100.jpg,98.30620076587677,10.556733028198167,7,93.60868121364864,9.964270097326105,4.610151120889788
43,IMG_0876.jpg,98.04048248511016,8.349567057514278,10,95.94762299075234,6.845499629272126,11.432246955881288
44,IMG_0761.jpg,94.69234208721302,9.795988725128407,11,93.72611227429397,8.4679562348585,5.8803691316161775
45,IMG_1014.jpg,97.56472200488852,24.520917962794858,7,107.92669123844509,20.760416215150148,6.767577376058131
46,IMG_0810.jpg,98.04989516625933,8.706942672173728,9,93.52107136236197,10.44183023608936,6.3415587343624615
47,IMG_1066.jpg,120.57313982935608,11.747956707023569,8,115.11935005024834,10.711673973006654,7.391147650598103
48,IMG_0853.jpg,103.83655869968753,11.308913061436364,14,101.32556010640624,8.693604415828084,11.689765806719391
49,IMG_0880.jpg,93.76732355262115,11.382170504058282,11,88.80202427709068,8.652009144939031,9.457019650996534
50,IMG_1060.jpg,97.02797567750783,25.372866834871417,2,96.03042676983075,23.237620907037222,3.1982466791946362
51,IMG_0784.jpg,86.21791786127993,6.933812724644592,8,83.48147816984302,8.5249999680099,4.680747105234336
52,IMG_0855.jpg,101.91380669781495,9.704118652431736,15,98.39434532389758,7.911984862741737,11.773896453256754
53,IMG_0798.jpg,97.06979821212684,9.122758220569073,12,93.9301045978225,7.735804857452855,6.270316919042405
54,IMG_1020.jpg,112.23567654866488,8.313427263653178,15,110.71083000011781,7.243101856573025,6.366390702492629
55,IMG_0574.jpg,63.26240764891966,5.639755209619062,7,63.240389539913,6.409162215139915,3.233974799438895
56,IMG_0578.jpg,58.536192605694836,6.622727160635589,6,55.23944084291933,7.632929205331415,3.73549103566682
57,IMG_0572.jpg,77.44616835178799,11.236508451936043,8,70.5705541819952,10.311653637227865,3.7896019529346647
58,IMG_1102.jpg,73.1855383111584,9.171934643644692,4,79.00393048916317,6.500903116217383,3.4039409419966935
59,IMG_0779.jpg,91.95726790332355,17.574136672070054,6,86.15669015912545,18.041850016277024,7.156785313764881
60,IMG_0792.jpg,104.56338035746964,7.20354690317478,19,100.02050741850982,4.670676932244579,8.553314961262283
61,IMG_0816.jpg,109.18756998935584,9.331458799626967,10,107.91388860734762,6.352506832311755,9.231204387284667
62,IMG_1062.jpg,134.5529935783183,4.939960019821453,5,132.0531916034581,3.6429135494776466,2.9477643739516943
63,IMG_1004.jpg,116.32407959408931,11.755569947969175,19,195.51833227531498,9.691165808979024,8.116499773271366
64,IMG_0874.jpg,131.11031697766938,36.50437956271576,7,127.4330350648609,24.361509962546705,8.130459620121862
65,IMG_1048.jpg,89.72241498454223,9.691459745161643,7,92.10249227382454,6.663764617258319,7.683301757041195
66,IMG_0868.jpg,95.77441363474495,7.9307456380438985,9,92.30063445322948,6.696120440337479,8.66888492336546
67,IMG_1098.jpg,108.62529972610835,11.761630969408914,7,103.11632381020053,10.28390870035338,6.705952559669247
68,IMG_1064.jpg,114.5422295106285,6.311944193876771,6,111.32522362399718,7.767490618768131,6.574601405000806
69,IMG_0820.jpg,85.60919064675593,10.103573946017077,8,100.31416204579034,8.860169895377064,6.321682081556968
70,IMG_0947.jpg,94.94915737078269,9.51007713771952,16,96.76545706882348,9.663879131444816,8.408005174663069
71,IMG_0588.jpg,56.24246801356842,6.4897042828263025,5,57.37229673817477,6.289606628108788,3.5382843886271567
72,IMG_0884.jpg,93.00677781694291,8.207190697931093,12,94.45862768577258,7.499482140980205,9.666476376523105
73,IMG_0857.jpg,87.59576690483203,8.600210636811513,6,88.05106149944777,7.77568335499233,5.472772947967986
74,IMG_1022.jpg,85.16159408560945,10.139465433553342,7,84.66497381157286,8.363739835088722,3.4886409577824806
75,IMG_0804.jpg,88.27699422449885,4.990149251189586,5,85.84432859782588,6.819560655797158,5.652320635928714
76,IMG_0769.jpg,87.19255250677398,13.837026361821827,10,86.94973874076565,11.52133528886074,4.474553388156225
77,IMG_0772.jpg,96.13058849118181,10.018090355565183,11,97.94008860474187,9.751395157681017,5.883658664808641
78,IMG_0825.jpg,119.88321449666375,10.147571984440011,6,116.31678856942595,7.755350075938815,6.233322148257417
79,IMG_0763.jpg,101.77412372676281,9.688128997238314,6,97.93987010880302,7.202563789204418,5.735887673892081
80,IMG_0903.jpg,109.43082399371802,8.935111777958042,4,107.49130990117601,6.956878161149773,8.46224162770983
81,IMG_1010.jpg,99.20542465188981,9.419713955543031,17,112.18962855149533,8.110528797953833,6.627727567750917
82,IMG_0907.jpg,103.46635581246663,13.09539313912247,4,101.66015695841453,12.31187691955734,10.688797913488122
83,IMG_0843.jpg,84.17714824814,10.10049124365294,7,83.54886760617607,9.434875655956269,4.14838833542946
84,IMG_0835.jpg,82.01717952000226,9.674116992828923,8,80.89883195643043,8.58228431815123,5.215232169169679
85,IMG_0584.jpg,44.6572428255669,5.888770891115292,7,46.65641432273618,4.704469815373892,4.630027066569452
86,IMG_0796.jpg,72.48312257385243,5.582581876577785,11,76.08147910955314,3.516751520663505,9.906139667811987
87,IMG_0905.jpg,89.53175881458773,8.08249917441033,8,90.59068996873424,5.304468473278966,5.555369534510358
88,IMG_0866.jpg,124.56032229926768,9.280317731162238,6,134.41943939522088,7.753016003921565,5.480646954535142
89,IMG_0998.jpg,112.80262973739691,17.58522329353409,8,136.03016102732224,13.214176000400236,7.463256113181971
90,IMG_0878.jpg,103.12654253505758,5.719193869642061,12,103.01926204809354,4.477537425430388,6.036185642729985
91,IMG_0808.jpg,93.90901768870566,5.498699567180679,7,96.24482676638063,2.918361778475665,11.379972491677327
92,IMG_0576.jpg,102.18368957312107,9.037799283888232,4,104.90327709720458,7.565937109372593,9.260724861486421
93,IMG_1052.jpg,89.47049255423116,21.222809198327102,5,92.40046322986412,16.336149775186392,5.514181583272232
94,IMG_0818.jpg,97.95422132415092,11.301042361227866,6,96.7984540690376,6.423989112395816,4.8682955733030076
95,IMG_0800.jpg,99.59894922344131,7.352612035157339,10,99.67668140830109,9.663258443587097,7.270200883433698
96,IMG_0786.jpg,71.55837065494268,6.7887987705825426,12,72.80057242840364,5.3048811518137935,4.5758996936209355
97,IMG_0900.jpg,91.94995577155296,13.977292720368911,4,93.61809713380737,12.807462753623582,12.020378443444832
98,IMG_0812.jpg,105.67425440204377,14.047969600700524,5,108.38010200476685,12.315605868399972,6.858732024905325
99,IMG_0839.jpg,107.22738521140273,12.436461733549768,11,102.83839057839047,9.85174790053965,6.619188774559375
100,IMG_0774.jpg,106.71073913187125,10.979433333572148,15,110.1761466764555,8.863393609409176,7.963782793852807
101,IMG_1002.jpg,126.89920375696059,6.444038518281807,12,128.18832340269313,4.308074415147238,6.856758461910085
102,IMG_0684.jpg,78.40542760281308,7.182468062033775,8,78.15298057488141,12.120975453647342,3.218523819230888
103,IMG_0670.jpg,81.11051175264365,10.214487529972406,9,79.74748410167273,20.18803665801055,4.216039622347614
104,IMG_0629.jpg,64.72688576110383,6.776315159535195,9,64.1513288914351,13.83381591725821,2.584292285479049
105,IMG_0590.jpg,55.75426885744769,3.514910056088261,10,56.262892518916274,2.0183001883964677,2.763562347534192
106,IMG_0688.jpg,64.44844638707607,7.653332430676014,7,64.09793824825734,19.137588094247747,2.6777853408435397
107,IMG_0608.jpg,66.28438430018065,6.361117716620319,7,63.686492249732154,12.055074362192752,3.493028404989275
108,IMG_0619.jpg,76.91419653979906,7.648194018485981,7,76.52489162731845,9.39325009415483,2.858863995953991
109,IMG_0717.jpg,109.0670317010234,1.7163945579555797,9,107.19960971670676,14.844551481679984,4.205855191602557
110,IMG_0757.jpg,85.9080040529684,6.7253669094940145,9,85.05241721963336,13.924130850650805,3.899075194775593
111,IMG_0666.jpg,104.3694917231511,8.315165754944855,9,104.15865988462578,15.296885503862073,5.336188057712166
112,IMG_0759.jpg,79.80199397339472,12.48028696435767,11,80.48789570943707,18.354050750618093,4.520618760515426
113,IMG_0600.jpg,98.17036958843404,7.015834105974864,8,98.00039940401668,14.195397671650477,4.11223618983807
114,IMG_0919.jpg,92.78011282964722,6.362552928654421,13,93.9636341812601,11.128663520750639,4.6776993870615104
115,IMG_0627.jpg,87.4632741140771,4.714847313090896,10,89.63880364335203,8.262003043508438,3.880719907737295
116,IMG_0655.jpg,75.21686920200048,7.3242511493579405,9,73.38729780981785,23.970550096013486,4.178865425518379
117,IMG_0737.jpg,105.90364441716763,11.400178390013668,10,107.93298240949045,24.75357786846679,5.034367585807904
118,IMG_0892.jpg,97.79748250210581,7.98693345098479,7,102.36241155967588,26.418935049472353,4.2332900128015964
119,IMG_0733.jpg,104.10305397490518,7.597105300245718,10,106.7552177826952,18.017716773142435,3.925087809055293
120,IMG_0676.jpg,71.28851457010492,5.885432711706041,7,72.84549830382413,9.945284990053405,2.7118838650265906
121,IMG_0721.jpg,104.39051207800665,7.961794818477851,10,102.4969216154067,16.608003366452255,4.1730129911258445
122,IMG_0606.jpg,61.26414022266773,9.413258848806437,5,61.341234389355286,14.874787157201869,2.42477874415476
123,IMG_0613.jpg,79.9211606145321,11.669944802961707,9,80.24738162923772,16.84834004993349,4.4239647451079165
124,IMG_0592.jpg,85.20881326472342,10.118526580276763,7,83.61116979663349,8.669389642749675,4.561804605484104
125,IMG_0652.jpg,109.9268363206116,12.639112638002809,9,113.64173505881561,19.171392179053214,6.739638165772998
126,IMG_0751.jpg,92.85685976046146,14.641456862854183,10,92.74064893725712,19.486519433257968,4.822583354381854
127,IMG_0704.jpg,86.00205137060604,10.772028453435333,6,84.60692176045147,18.881131784388455,4.2165055990724465
128,IMG_0837.jpg,116.07611620811124,22.555523689694294,9,125.18220454356386,14.642779184933588,7.7065627887665
129,IMG_0927.jpg,93.41127666479068,11.161396677394924,7,97.21813573567901,22.236380521113936,7.847575705421917
130,IMG_0644.jpg,72.93236108018746,5.374116947884348,9,72.80143622150291,14.60039830444122,3.1162057576842455
131,IMG_0933.jpg,100.06037873474861,10.701334947513015,11,102.8229967746811,12.302758323263548,5.09235632744842
132,IMG_0604.jpg,69.90444553213767,7.937599534092609,7,68.77322733395917,12.577870636499593,3.413070244440071
133,IMG_0731.jpg,113.90228804984778,11.444417743752531,7,115.00729305819921,24.74812163847331,5.835934881455373
134,IMG_0672.jpg,66.80036045947665,10.86924459936173,8,65.78068363562126,14.236018997095318,3.0866053697209597
135,IMG_0735.jpg,97.3617395480372,8.32551558202675,7,97.25935907203778,16.8974278701831,4.500364181074582
136,IMG_0755.jpg,105.21706562582982,8.096558847572606,10,105.55287128446005,22.253720430134358,5.563013351960278
137,IMG_0909.jpg,116.83616492128967,8.542593917953855,8,109.61169183933102,14.138907185328357,5.578490181435502
138,IMG_0625.jpg,89.01114549578216,9.786648235137838,11,96.72636351723712,16.51906843369846,4.341018672510373
139,IMG_0913.jpg,106.62071062750626,8.476865808130878,6,115.00172337883045,30.230080390225094,9.429005345504116
140,IMG_0642.jpg,72.40677620399138,7.337801702146855,8,70.53089888516983,12.506556675872956,2.614792972494901
141,IMG_0931.jpg,90.92465601445579,7.451392182923946,12,95.43442351544631,13.985409722212204,5.039036843939465
142,IMG_0833.jpg,106.32881105319368,6.666657268335522,9,105.48558694669518,16.399670737676495,5.604388138953594
143,IMG_0598.jpg,59.39986398205957,6.244243525581459,7,57.922669700939835,12.588220690297424,2.7344117528486107
144,IMG_0911.jpg,121.83587556755394,8.979222967612225,10,121.64166579391623,18.896315345897445,8.185623779127544
145,IMG_0739.jpg,105.77901074658644,10.071712134998755,8,106.64922737405088,11.853384771245087,4.187492036573846
146,IMG_0602.jpg,117.05888234822265,11.079711814657898,9,116.48325215232019,16.1545926149479,6.515729329029578
147,IMG_0706.jpg,103.22143358798796,7.3637351804286135,9,105.98329385610442,7.252206208062267,4.780394091836538
148,IMG_0935.jpg,109.39890105041226,7.134652791515308,7,108.75989872276114,28.055469247495438,10.00578452308781
149,IMG_0617.jpg,85.16995801173468,5.211689511812586,7,84.74763335290446,13.423725186310529,5.044440896768374
150,IMG_0708.jpg,94.26585517551273,6.324617856321863,9,97.06457074092148,10.773724556039511,3.9497622838280315
151,IMG_0646.jpg,81.9577038301087,8.490885476887074,8,81.65272540873339,14.127653793861093,4.468551487617739
152,IMG_0636.jpg,63.75173166736112,5.149560781737232,8,63.888680619611705,7.9323543795750515,4.402737052205536
153,IMG_0621.jpg,98.46996677889094,10.22350078005518,9,98.19491960201402,11.827213682090477,5.144600347475898
154,IMG_0723.jpg,89.19288044481166,6.865643166345914,11,88.92542246137401,14.615209251777102,4.06171623045748
155,IMG_0690.jpg,69.52669782889208,6.1274452928820295,10,69.74374173262136,12.022094552043576,3.021793911292849
156,IMG_0841.jpg,118.36134156579783,9.773986560161353,10,125.60532105239976,21.487333645698232,6.9009999134631865
157,IMG_0753.jpg,101.55020540014452,20.966307110808966,6,103.14188099813072,8.771910344363047,7.10044233347672
158,IMG_0657.jpg,76.20857004113905,7.069182578740346,10,76.48087118109888,27.81528996800592,3.1079314858214007
159,IMG_0743.jpg,101.03123829467518,5.485398079660689,9,108.53557889893054,15.739392090080594,4.577480409773493
160,IMG_0668.jpg,133.46787282885563,8.129834408666367,6,132.4785073015472,9.568698358853267,4.807217264675148
161,IMG_0596.jpg,55.87463466545256,5.005143111016095,9,55.71189974800071,10.009381934554744,2.7128484249799425
162,IMG_0682.jpg,120.42692889665346,9.893634615139925,11,124.6906871622337,25.669534985263446,6.295153033619204
163,IMG_0700.jpg,93.65881924770956,8.831100086584057,12,96.64562745522409,18.716966542379435,5.734832554534065
164,IMG_0698.jpg,80.23796998633543,7.069839744302389,10,79.92670230848357,8.921954652894701,3.7407333991290956
165,IMG_0741.jpg,99.4432626515258,10.954251030853602,8,99.79962940623449,11.6319322236299,4.768350563598893
166,IMG_0659.jpg,72.46122616146361,8.37784584501717,9,71.41205653803861,20.760058898098528,3.369735361970881
167,IMG_0725.jpg,93.18144209890175,2.373238304964441,8,93.89934194510941,25.610710287731703,3.030301621686471
168,IMG_0663.jpg,93.95526200764412,9.689842097911562,9,92.96799964216925,10.291442323498773,6.5617480100296
169,IMG_0929.jpg,96.19778544693533,12.682716812505731,12,96.37060761537907,17.906463281016773,5.362460565972756
170,IMG_0727.jpg,115.16212940805593,5.782433787638997,16,114.38663759069217,22.31840010626651,5.458442250717101
171,IMG_0894.jpg,108.8169622017571,9.599957539110484,9,110.50963121203968,5.742809106290415,7.405824835365006
172,IMG_0917.jpg,112.32506407143887,9.42767422520857,9,111.8867372757997,24.237635959210042,5.982930429440999
173,IMG_0633.jpg,113.41284638434925,7.505024022554524,14,118.54573892643998,8.235,5.4614059941275
174,IMG_0692.jpg,95.68264705749291,11.954826557676528,11,95.63796756892386,13.917492561578596,5.587856164220919
175,IMG_0715.jpg,69.9745623856405,9.004629863394237,9,70.28538342650437,17.76338563703423,3.273713029001903
176,IMG_0925.jpg,114.82005255305604,11.292843176392108,10,118.36931646496033,8.921443520043393,6.735443028934806
177,IMG_0610.jpg,101.97275633730663,11.821153851164688,12,101.14272553871876,39.73089404201331,5.477491732413287
178,IMG_0615.jpg,58.29138323213836,12.784190493047491,13,55.95505546457977,23.131094090253377,3.5590400147931316
179,IMG_0686.jpg,51.24302913277619,6.0608626892453445,7,50.03306926961652,16.683833522050666,3.6810274325835572
180,IMG_0648.jpg,93.43371772133723,9.426588410947204,9,95.34453646358632,15.855926038482469,7.070925761807533
181,IMG_0713.jpg,96.28672518916318,9.453204746950352,10,96.00143521885192,7.97166815861316,4.592647198059768
182,IMG_0702.jpg,92.54493528501843,6.198766447805002,12,91.43286514477934,18.70323363703525,5.1622820456535115
183,IMG_0719.jpg,87.60733366225008,5.9228837487626,11,88.8479306635543,15.33307536296716,3.244416272918885
184,IMG_0745.jpg,90.86184103106635,10.968110936770747,8,89.9409776788235,14.420523327265954,5.870713582129666
185,IMG_0623.jpg,75.5464264845476,7.996775267235565,6,76.48160691126793,14.506722767686549,3.7040581584467893
186,IMG_0661.jpg,84.57144615226578,3.441263052043342,11,83.77914194680206,13.327586691635613,4.200017144132155
187,IMG_0631.jpg,74.66539975810166,5.1746153130110555,8,79.8448121710013,10.744546793535216,3.722221356263787
188,IMG_0680.jpg,61.90896318581238,3.6667071108000875,5,64.05667624600382,11.36021009497215,8.23536367186437
189,IMG_0923.jpg,102.24299979904598,6.016763022390086,12,103.77749745265967,12.447355870376397,4.940590720324184
190,IMG_0674.jpg,87.23070968709716,11.440589384174217,6,86.71380698228892,15.44487957666861,6.952010009304137
191,IMG_0749.jpg,92.78907164511402,10.508252676627517,10,107.10773129584312,13.36480105874858,5.040921763064542
192,IMG_0729.jpg,110.03561126575919,25.30967371390808,5,116.99335569428727,23.935312982764074,9.740280998398203
193,IMG_0921.jpg,117.68316345027927,10.673608128207388,9,119.17311810719238,19.689463221435208,6.301584505016318
194,IMG_0915.jpg,106.70561906723802,11.563058474192507,6,112.63676407284161,14.06089698270163,11.006691023804834
195,IMG_0694.jpg,71.73843102098151,9.522713101625468,7,70.44226225693856,22.28385786384185,3.2670332367129853
196,IMG_0696.jpg,114.55188444992868,7.751523354410012,9,125.33871066374275,37.89181738443172,6.385940112711821
197,IMG_0678.jpg,96.37407318933657,9.63580021996706,10,99.72630211028516,15.563311082326427,4.477205290612912
198,IMG_0747.jpg,108.35660622682869,21.29919773659519,11,109.81778012917508,20.184085435333767,4.9798957237989745
199,IMG_0594.jpg,50.891553689385894,5.599618694447661,6,49.601102524694014,8.004603800940696,2.430085601118163
200,IMG_0639.jpg,70.65340444764504,5.329599731047418,12,70.01416757342001,9.18174620303108,3.5344102169868443
201,IMG_0650.jpg,74.40990047390918,8.935545874299637,10,75.89648091702466,10.50754783158364,5.856374983515037
202,IMG_1146.jpg,84.70978828447825,10.053761117158441,6,98.38311901168177,14.04964625326055,6.163325521058925
203,IMG_1118.jpg,171.65711641110443,17.111564957669053,6,178.56971510944393,4.764115868341818,12.34938137084442
204,IMG_0957.jpg,106.0949052504807,10.702574154730657,8,103.77852454328101,17.209379262562365,6.5865162007644855
205,IMG_1166.jpg,112.35140455841548,18.299336647653636,5,107.47866388172092,11.03525167164794,6.284692498161318
206,IMG_1042.jpg,103.71229968032456,11.460239537656058,6,122.91632758676978,19.518149613892387,5.315103746143721
207,IMG_1084.jpg,75.51088761262486,9.33738271083457,3,73.6580360142434,11.051162889201605,6.605765985228039
208,IMG_1184.jpg,66.10892195892218,10.73644326095419,6,62.15582373269464,16.876588436082127,8.110766808104025
209,IMG_1090.jpg,95.98749833132639,9.298740482915818,3,93.98582723980904,16.847414059430182,4.384817486680345
210,IMG_1113.jpg,100.54690361793347,15.837678264496677,3,96.22592833923885,22.271897618558352,10.589848316289855
211,IMG_1080.jpg,129.65993822016915,8.844786042304568,5,123.40704002738572,25.011498537373907,6.47323543382934
212,IMG_0941.jpg,114.33750888653546,48.643836939515914,6,109.41948403857228,45.05316378685921,12.197029069518825
213,IMG_0973.jpg,95.63722745873659,24.491992891304605,7,99.00915472058979,26.437429704835026,10.082427654328006
214,IMG_1158.jpg,76.75206748187006,11.344388896931362,7,70.52721952426407,11.92138454551499,9.344678166545176
215,IMG_1068.jpg,89.63666366080466,11.701764061494696,4,86.21424285415566,16.860604526669782,6.463578265742299
216,IMG_1140.jpg,93.256893070589,18.797593704915926,5,94.91272854930033,9.162626824481391,14.3668184305804
217,IMG_1164.jpg,92.9575989292855,25.17385764297864,3,87.86536231926937,21.57457748754819,7.130240239749554
218,IMG_0993.jpg,109.6980674371709,11.164651844029184,5,91.30716714206697,13.979666591912041,8.661642781711889
219,IMG_1128.jpg,78.97169855151635,14.760943052952243,4,74.36974573304244,24.52758264528631,5.53725281253001
220,IMG_1044.jpg,90.33338737004048,10.677808561686158,5,83.90973847852135,23.437158347383146,5.369051128899811
221,IMG_1176.jpg,79.34027530714009,15.873661242303125,1,80.07824262409459,21.733784403785968,0.0
222,IMG_1120.jpg,100.2471385117437,6.949671989306428,5,96.02918445935684,14.783696191366728,4.2069452789038015
223,IMG_1182.jpg,86.3432130877968,5.291403335324803,7,92.32460230218989,3.19904214975707,9.071586739101265
224,IMG_1114.jpg,99.95349414089407,13.507521139559008,5,92.77745624805277,20.024103592786386,8.159782356561019
225,IMG_0937.jpg,81.82954796027792,9.451501347317018,4,76.75828932881359,11.86743712058398,4.839083241323813
226,IMG_0975.jpg,87.44879371347722,7.652334037504811,5,82.29018152063426,13.077429297327209,5.937410775293531
227,IMG_1154.jpg,88.46998490485315,10.047041224174524,6,85.75985213504302,19.43758404135324,10.717684533195209
228,IMG_1180.jpg,103.14928258921252,14.32308643785368,4,108.64333088491601,22.342824853880984,23.195002681606976
229,IMG_0987.jpg,102.05114985045414,9.43654125139818,4,102.42231589133671,25.67430456820238,6.943748903106917
230,IMG_0979.jpg,93.7041706024481,17.409379945639422,5,94.88019602260646,22.572174206693095,10.225408781634659
231,IMG_1122.jpg,111.35066541920696,20.640013190659047,2,110.05757337666068,26.99015571299683,6.650095971896502
232,IMG_1034.jpg,111.81946416138987,10.912555482399805,5,117.25214150603327,11.167665134667631,7.528458464140774
233,IMG_1124.jpg,136.699057850469,26.29259498117962,4,141.37637874028107,22.756649003009233,10.896922228874075
234,IMG_0991.jpg,114.6334145237798,17.565024617261958,3,113.24401708158317,22.944889774007613,10.718226941295486
235,IMG_1086.jpg,103.88121027662464,12.014332009993083,5,102.70849846821929,6.53619846485466,7.59385730808865
236,IMG_1096.jpg,99.95641845262278,13.960290776557768,5,95.74995091262136,22.406736735170032,7.348274222329718
237,IMG_1162.jpg,86.47078840837854,15.36323302553282,3,100.1384298293188,25.552396249938518,6.418011033755039
238,IMG_1036.jpg,110.17940332372994,32.232349345679275,3,105.69706057372746,16.69758272594581,13.550733484382869
239,IMG_0983.jpg,79.64827518166152,7.290276586525705,5,79.39619967451623,12.879207817369492,5.243841659460564
240,IMG_1126.jpg,108.18082102760441,16.233150114647813,4,104.01263838474802,25.420970575350328,22.805155385401406
241,IMG_1148.jpg,89.14719037028699,23.678819543402618,3,129.5461364245796,19.090509385218983,25.832437237037905
242,IMG_1108.jpg,99.57670877676335,13.677378724854679,4,96.39238087842924,9.414707280743412,9.123340573541014
243,IMG_1032.jpg,84.86086258357706,6.74399673447761,5,81.88037064653291,16.45883258771524,8.312264691990801
244,IMG_1074.jpg,122.33149404335894,16.48060546787066,3,122.83511308697388,10.871570553788583,6.734158713998309
245,IMG_1038.jpg,114.06778027302883,7.005296044462164,6,111.23281283735544,14.672589970552206,7.628981390072494
246,IMG_1078.jpg,108.29023087701388,13.422240840532941,2,111.36052644220305,23.639663515824328,3.4880184699803705
247,IMG_1136.jpg,104.98567417158019,17.27809752349386,5,98.84307723925843,15.41724062074458,19.067539129014744
248,IMG_1160.jpg,113.50617139128113,8.322768742336127,4,112.01078433874096,17.47491674882685,4.340216521080887
249,IMG_0985.jpg,91.36096024196483,18.341597245985458,4,88.11957924570856,18.749051512312366,5.720752907836034
250,IMG_1132.jpg,93.28576783112267,16.902894547807783,3,91.34096796914395,13.13054036682639,9.87972043945791
251,IMG_0959.jpg,114.36780593420647,12.863095322086595,6,117.28871674469637,16.43068557578222,8.400225820524348
252,IMG_0961.jpg,115.48510886516988,12.420511666863074,5,124.44980872377843,21.91101983483855,10.674723905551746
253,IMG_1150.jpg,102.52697783509161,11.902866043980868,4,101.23659274467205,14.294174898539813,4.450913285623936
254,IMG_0969.jpg,105.48805603757793,18.148840828917866,3,104.48106808383717,14.731237349231886,5.734113673426329
255,IMG_1170.jpg,107.35208455487108,10.505504305648483,4,106.66587246437335,17.8786492937402,6.683339235670378
256,IMG_1070.jpg,104.31698061754234,6.6458880213025395,4,108.0924597984813,20.799544732623232,5.108659370932611
257,IMG_1107.jpg,108.68782693538944,12.440669705873875,2,108.33336078597574,18.731740452756394,5.505425015886858
258,IMG_1092.jpg,109.21179631874,27.71199403937137,3,103.52636240667718,23.743016007609846,7.825173107010457
259,IMG_1178.jpg,111.31595777116975,40.307659196236166,4,111.12331039566311,17.17369577172331,9.183359133453802
260,IMG_0977.jpg,96.81307176229738,12.457364341822055,6,94.76824635593835,21.91383204881754,6.682072600403309
261,IMG_1138.jpg,106.1574781197085,12.225497435563597,3,104.10584038986181,18.33251813629067,6.137541190570179
262,IMG_0967.jpg,111.34673563139303,8.25194187484598,5,107.44706885639565,6.67930204162038,9.299296887770234
263,IMG_1142.jpg,84.09920660579466,14.921461054467821,4,81.21300038358972,7.976798251480827,11.938663231526034
264,IMG_1104.jpg,118.76186586790632,19.597689450151968,4,117.46923581808922,25.337712795012248,11.248810449605056
265,IMG_0949.jpg,128.09196518771012,14.267099199541217,5,122.92558033682324,19.99908857819557,7.045495483244157
266,IMG_1088.jpg,130.58597501450436,11.06851108890364,5,122.0830939426284,15.137848376345906,9.741018339616911
267,IMG_0943.jpg,102.95581506854596,4.581773005817082,6,102.4654956093877,11.970969004700708,8.7484284621317
268,IMG_1026.jpg,99.96062336240527,9.672355384617772,4,97.61828625605088,17.352403865181525,7.113586999528927
269,IMG_0989.jpg,116.85650549518816,15.39640708221734,5,114.5413746766899,17.558616419423345,7.35855272877715
270,IMG_1111.jpg,132.48252574754193,19.927248521241513,5,128.98078973946886,30.49207065251228,7.99000359155057
271,IMG_0951.jpg,99.65718902142717,16.317612799878514,4,98.9530817356845,11.619227475989804,7.65459783450685
272,IMG_1106.jpg,108.63918017623178,12.404984774422282,3,106.64430147227597,16.742082521695572,5.31651321364722
273,IMG_1040.jpg,96.11503597095968,31.515169636939124,6,96.52592907087121,21.399926497875278,9.554060882054495
274,IMG_0965.jpg,89.85415877840866,10.574432622846732,8,89.49455571313577,5.707593365980747,9.798763373244984
275,IMG_1172.jpg,97.16072574754482,8.763717359292906,4,95.40829068347658,18.922423124261176,8.377955828517344
276,IMG_1076.jpg,92.76657007206794,19.495974519836714,2,89.89813164449701,27.607102098125075,4.363284087954649
277,IMG_1028.jpg,128.1694531685919,18.141077565761385,6,122.63621534945396,10.599917353596464,8.876767411916108
278,IMG_0955.jpg,104.71151498979275,10.398824049283963,6,102.6318023216798,25.245702499662666,7.373065468107895
279,IMG_1024.jpg,121.44235790001727,14.108299347861115,7,119.40189800463355,24.750694085687908,10.21150049385764
280,IMG_1030.jpg,82.9638268781709,5.956699473660531,5,88.32080157770363,9.824040443985396,5.68490185723396
281,IMG_1109.jpg,91.78830667890983,10.452396585725474,5,97.71159767104395,5.369182547667149,7.528260635940471
282,IMG_1130.jpg,69.35717225390555,30.10601972075795,2,67.40080932417446,27.682516163190783,7.740964122803425
283,IMG_1072.jpg,100.05664442203299,8.24774207688601,5,96.96689085892956,12.76610166597602,6.404521645161846
284,IMG_1110.jpg,131.4010865331953,19.40426451445782,4,127.5803412698883,32.11866316531275,9.237515219436986
285,IMG_1134.jpg,103.99418595785328,21.113165164021318,4,94.40700080299517,14.847459916690884,6.392679865236648
286,IMG_0953.jpg,75.10874395732768,15.526337181109708,5,73.83257956192747,23.13130802550975,8.809354682418586
287,IMG_1094.jpg,94.43466481007539,11.935298439769058,5,88.48358767882834,13.187640502069518,6.7431123142331515
288,IMG_0945.jpg,89.48289320997434,14.690279248659227,4,97.07974300391244,16.926644448426835,6.133755644332524
289,IMG_0995.jpg,80.86962769607828,16.213935632363942,5,96.1578505367652,16.679514299937946,8.057018283669226
290,IMG_1168.jpg,88.50159438890367,12.836642051991003,4,86.32827588707563,9.144097086740581,16.143628884844475
291,IMG_1112.jpg,99.74290744238185,22.295647656672372,3,98.02115941467575,19.864907294685853,13.976576552486186
292,IMG_1116.jpg,107.37281526546704,8.567085988341299,3,102.01569498883062,22.030074634869685,3.0432104575306234
293,IMG_1082.jpg,129.72863238708797,17.918836740647805,7,116.57922334600288,17.093202374308742,7.527541563659027
294,IMG_1046.jpg,123.12356667471806,14.14031615230371,5,119.44096536126091,51.753907210792455,11.790597663249992
295,IMG_1156.jpg,83.03378290900217,24.705037402905756,5,83.86109560351396,24.660896690303705,12.861683226750174
296,IMG_0971.jpg,105.08044395311681,8.836333385531251,5,106.88165563713922,12.056134928377437,6.340535023252473
297,IMG_0939.jpg,86.7290145274956,8.075020317138328,7,88.82991028967118,4.785561936470569,10.044303247007592
298,IMG_0981.jpg,124.03315306094372,24.82226964451523,7,118.15998218111332,20.755277161964596,8.407092579432414
299,IMG_1152.jpg,95.01654055751486,11.346917676537366,4,89.91135050119293,5.865289249388623,8.180943868230967
300,IMG_0963.jpg,87.43592055277821,9.093821954829309,5,84.02380830479025,13.30117335211263,4.812854395831996
301,IMG_1144.jpg,95.17008922940741,16.530171395426333,3,91.36529220714354,24.886814819374578,11.194543425067996
302,IMG_0977.jpg,95.89114298897024,10.850932027154407,7,93.63783368617237,17.73379862765457,7.187442266339247
303,IMG_0955.jpg,103.78288273546114,12.909966398981526,5,100.72149942071663,25.813964251235607,8.448875649854813
304,IMG_1286.jpg,126.21708892606516,9.722041832096359,5,138.24167402965134,14.012818506880148,8.333151295664745
305,IMG_1188.jpg,110.22805368702612,11.248315628258055,5,112.14250691475446,6.982033166001699,7.373107001013918
306,IMG_1252.jpg,140.35333929155328,36.162846188321794,4,140.7183528049225,22.8217096687715,6.4381796569045076
307,IMG_1324.jpg,122.27967607332765,13.123624548448415,3,123.79016450315278,9.729495556667759,8.606899204642305
308,IMG_1247.jpg,83.83195676562451,14.251121859824236,7,152.47267653976314,10.720621527733043,8.070725551070549
309,IMG_1300.jpg,104.57248378909088,17.648440869429997,4,150.9227966856676,12.134887947015256,10.825298488853903
310,IMG_1212.jpg,87.66722620966227,8.801873693520973,7,88.72000326526613,8.737754611299902,6.062245284584999
311,IMG_1217.jpg,102.8240384809806,11.076551257105406,3,129.0244207694777,10.416471372713266,6.47815733322314
312,IMG_1288.jpg,96.40656569202538,12.992828951780162,5,97.72544465944615,12.656581043344167,5.41844207415223
313,IMG_1328.jpg,91.14873700376793,8.211272766312929,4,92.37260420578812,8.293211057338182,7.037747749033458
314,IMG_1317.jpg,103.24245965637034,10.008028093460435,6,106.3944263372777,9.769707522793553,7.574820251810876
315,IMG_1304.jpg,84.82050757327637,9.411103383341038,5,86.26799417202008,5.918788350836098,5.797952124851595
316,IMG_1385.jpg,107.30777963985958,13.495129765133832,11,123.91825467130522,7.833280064807751,6.640017480032873
317,IMG_1319.jpg,86.41423512736384,9.438730981547927,3,88.49062242651131,9.217023267902183,6.549488971641806
318,IMG_1359.jpg,114.02515774927632,7.588099399929963,6,116.70079683530248,7.279323843630518,7.967982071917935
319,IMG_1276.jpg,51.657555089020136,19.854131052969386,7,179.89784645838682,19.739708816965436,11.376112683256371
320,IMG_1351.jpg,92.81228909174709,7.511874398173296,5,94.73082715705021,7.034417897229481,9.641680224242865
321,IMG_1260.jpg,108.4618558367542,8.764357508251129,6,110.25875976743288,8.276492897054098,6.5573513754018435
322,IMG_1369.jpg,115.0811195616445,30.17277901661374,3,119.50108319437632,21.059649739859776,5.146372756246989
323,IMG_1274.jpg,91.81183574689477,8.233842452557397,5,121.58370457444504,7.778596863750131,7.137585472455479
324,IMG_1343.jpg,86.18019122615802,10.784452600460522,6,89.10642061441081,9.024913663763165,4.4242660442330175
325,IMG_1334.jpg,99.33465903904408,9.93618802295178,2,107.68287298971873,9.561987793716948,1.2158920182807642
326,IMG_1337.jpg,102.00896540959151,9.72593823640858,9,111.7883273510135,8.02998959286571,5.83749360445932
327,IMG_1258.jpg,72.36922151849011,6.7628794496583655,5,72.23974925229007,6.754207068697394,4.774422473409272
328,IMG_1214.jpg,103.94601697104765,14.597280373889225,5,109.43055701628015,14.537643127631425,5.269017222871706
329,IMG_1241.jpg,101.15103791261687,18.892290978714843,6,110.02858974026044,18.00620874776436,8.246869258312422
330,IMG_1355.jpg,113.28391377543768,17.695877550162738,4,123.67680713128433,16.598650157645434,5.966800156760158
331,IMG_1310.jpg,61.69907086537705,28.79333435682378,3,174.98168783341075,27.949151759529776,10.47577244708714
332,IMG_1391.jpg,92.44084229228736,9.150514451341012,3,136.69801669472994,8.0568308626241,3.146761096643562
333,IMG_1357.jpg,101.37471958739674,12.854602674059098,6,122.36667632121755,8.444431456055382,7.599609632264461
334,IMG_1361.jpg,95.9568931938212,10.941509003001073,2,176.19151846654236,10.777719724614489,22.16363116558911
335,IMG_1373.jpg,74.96618804088475,6.2853346913856365,9,84.7566541398066,6.466631834768694,7.2802384136633345
336,IMG_1192.jpg,88.68792742974372,15.806842531328352,7,92.81080127724888,15.218068251184294,4.998353771264052
337,IMG_1249.jpg,107.726136861303,14.957476611339644,5,116.96215340445123,14.855276929933902,7.651857272158466
338,IMG_1375.jpg,99.44797875982394,19.2529174111297,6,104.16581333186262,16.885021039375797,9.08920060748556
339,IMG_1345.jpg,83.34843829610138,15.052217870728077,2,81.08096794433163,14.93598278859758,2.4918660816784706
340,IMG_1239.jpg,112.98050143900134,6.620488656749442,6,147.7487506447619,6.968655366149104,8.265515153943577
341,IMG_1190.jpg,90.46967213044746,11.438106408591484,4,108.13736867059517,11.079680373969392,5.543604066527959
342,IMG_1397.jpg,111.06548790455277,31.187202274853522,5,115.76042764998216,29.009424833548653,8.742911965108025
343,IMG_1202.jpg,87.98945867879402,7.61144168935971,5,88.85341931130723,7.239602755093901,7.1696149762495285
344,IMG_1339.jpg,79.28574204485402,17.502960051154105,5,147.23061132173487,12.769060539894568,8.455234905199807
345,IMG_1235.jpg,102.92313146045824,10.160045645025276,6,135.8027932613972,10.363489557804598,8.654454492685417
346,IMG_1322.jpg,81.85855276110196,29.06580968358653,2,112.48070827443121,23.40793103982727,1.168491481446919
347,IMG_1298.jpg,84.46397761569615,8.405334267958601,5,87.37162970093434,7.972479318901493,7.782691865927282
348,IMG_1395.jpg,93.01702671597435,12.374983942375657,4,103.79435329093279,10.809495378060936,7.495004976895946
349,IMG_1377.jpg,105.21943825522136,24.88629341078503,5,144.5312709125298,20.951251268674028,6.349684599559307
350,IMG_1371.jpg,53.85396179061802,8.98156923299471,7,189.25927216244358,5.42961223599746,8.780619360776516
351,IMG_1208.jpg,109.88616680549109,17.402603686966508,8,131.63197396132733,16.97078366354493,5.661867445323466
352,IMG_1268.jpg,126.62803474802102,15.85892670380089,6,131.48111417677754,12.253260939234229,9.277401960214045
353,IMG_1224.jpg,71.5592611131207,6.3547397036432995,7,82.8494947731221,5.744530988770366,4.75868565473655
354,IMG_1230.jpg,76.39738460855959,3.6017651384292306,7,165.55402783605282,3.3649966336206507,8.656658305416656
355,IMG_1210.jpg,113.83944434503792,10.223201277315766,4,119.84393828838013,8.423218096527343,9.621971035610716
356,IMG_1264.jpg,89.67306562892973,6.388211356801997,11,166.49365625402913,5.810787140521479,7.276448000233656
357,IMG_1278.jpg,87.74879609124842,5.815925800973493,7,92.15364451684536,5.855615704200551,4.007392349920337
358,IMG_1353.jpg,116.98801574469856,15.967653788976294,6,117.32636174616513,14.764732187595174,8.574560244160258
359,IMG_1363.jpg,108.84081208086447,5.24635589739725,9,110.44109630009498,5.02685292316243,5.957099746674815
360,IMG_1347.jpg,83.13121550527109,5.407817987840123,4,90.06462024452327,3.8701345476911375,11.39312557342733
361,IMG_1282.jpg,85.6315597710665,7.6939791203992876,3,94.51788176122261,7.151370816128004,6.736463762753213
362,IMG_1365.jpg,108.28258511538101,13.97633108234274,5,116.32087592094246,11.114396913389152,7.365133664674147
363,IMG_1222.jpg,91.38715522459385,15.628634370156778,5,98.78510674722659,15.46588463724298,6.876197400195212
364,IMG_1228.jpg,78.22565960760049,16.83243134712954,4,85.00314175035686,16.4076310225004,13.94729055724676
365,IMG_1245.jpg,115.8326078836444,9.53910017640572,8,130.78261065042472,8.155933213026113,7.478941387132597
366,IMG_1379.jpg,96.38753402285185,13.718914802620521,6,98.15654313889978,9.983867934323417,6.679245455176125
367,IMG_1262.jpg,118.99411316554203,11.113586122534196,6,138.04434338662068,8.942180920489012,9.762195891731581
368,IMG_1349.jpg,74.19689005712917,3.034120457534792,8,84.52409286071878,2.8363282014061952,3.6866285798180174
369,IMG_1237.jpg,101.28861448363784,4.7642156687209605,8,124.69962335007091,4.483967688207962,7.821657248461796
370,IMG_1332.jpg,91.7198239634781,8.55567599636668,5,101.98922755522959,8.373671177692191,7.152688595859137
371,IMG_1186.jpg,81.7045333607936,15.734555828124181,6,91.45148666594443,15.402971091884254,6.226805634570778
372,IMG_1198.jpg,93.47774154729998,13.873129111420422,6,116.11145667357593,6.172085832109187,8.94717465635956
373,IMG_1292.jpg,97.6657961137783,11.982958463734132,2,101.95289512958557,9.901898053100314,3.268964303089546
374,IMG_1383.jpg,82.46744216014174,13.211838096164128,3,88.08143477544638,10.537373927669915,5.387322901029484
375,IMG_1243.jpg,75.61174020983937,19.60933003892998,3,159.24678882632864,19.722540309521644,9.307521472812386
376,IMG_1393.jpg,93.68169012460089,9.23751720285221,6,95.3369560501377,8.179607478845986,4.444773438500576
377,IMG_1254.jpg,101.78067147775917,19.872966132809992,4,103.86306715223677,19.53377534963911,9.243114093046959
378,IMG_1200.jpg,92.58133079913068,21.537799101966026,5,98.43803655152989,5.15524831338965,5.094597533870291
379,IMG_1367.jpg,113.64801283388583,7.626996303015097,8,118.176191957929,5.435822079237161,7.971448563690707
380,IMG_1206.jpg,87.0917848067594,0.0,0,128.5112016620903,8.906816712128022,0.0
381,IMG_1280.jpg,95.52530792052089,4.066776290665357,5,109.93112398739838,3.7623619834659916,5.9553451660157455
382,IMG_1272.jpg,123.56692765729346,25.201768575362507,4,125.53885374132962,5.956806892907417,13.326824168503062
383,IMG_1313.jpg,97.65692607471912,13.737826159255729,2,99.90397824778836,13.61583022056375,3.775785352290592
384,IMG_1256.jpg,87.15707464598088,7.413595132548228,4,92.08244579410653,6.996328919356004,5.619272588264545
385,IMG_1302.jpg,119.24376009778459,14.398596235386652,5,122.40479834474509,9.05577462194648,9.046882184329986
386,IMG_1306.jpg,72.17154483383702,7.42638113209392,6,72.3425162555834,7.689585331528093,5.992663597684008
387,IMG_1389.jpg,108.62850304630823,9.322926055751031,9,126.10179324995036,8.86063181627329,8.836513288116874
388,IMG_1266.jpg,97.64346340382477,9.26998602279054,4,99.12482692248543,8.923760760052817,3.846988732229619
389,IMG_1226.jpg,107.23088749577019,5.121975734018627,4,131.61798924317165,3.382819977105437,8.802957665329412
390,IMG_1270.jpg,111.43485672726966,12.65686153513144,4,136.460332865322,12.824630606225773,12.310116780992775
391,IMG_1341.jpg,111.32989467945269,4.487297673135406,5,152.06080737269494,4.0281843336291,7.762548642976725
392,IMG_1387.jpg,75.17527920500584,5.622830879190569,8,97.48092471466796,4.8554220953951175,4.550761248982996
393,IMG_1196.jpg,110.12064123510902,18.486750482699037,1,136.295829246608,16.860412818081677,0.0
394,IMG_1290.jpg,105.564731042345,30.186227843937154,2,111.12441955214565,9.544617225343641,7.756266248793637
395,IMG_1294.jpg,107.37304742815074,17.465780554613485,6,152.82918192644493,11.584711614316435,7.3309174907637455
396,IMG_1284.jpg,83.56178963578107,15.474337994451652,7,154.64565476094728,3.8630451973089146,7.966293274350564
397,IMG_1326.jpg,94.34008720560314,3.6608355140033155,5,112.25022216833663,3.520001134930485,5.682113906041598
398,IMG_1204.jpg,96.58243673936008,12.194572250803768,8,99.74795311164398,12.416930991350082,5.226209640378805
399,IMG_1308.jpg,89.92855071586544,20.847789708614727,5,95.76574793800128,9.840073115136342,6.624790616263404
400,IMG_1194.jpg,105.03501747991615,9.88320563676047,6,167.14231361087928,9.806057973648308,9.074767608395883
401,IMG_1315.jpg,99.02726040399135,27.407659372261733,4,108.03674100357347,13.802951265224396,5.7464800595229
402,IMG_1296.jpg,97.58939060027417,17.875864030728657,4,104.95062795765234,17.91770417556787,6.525456283530602
403,IMG_1381.jpg,75.93659027848476,7.396908941946561,5,81.40696278405414,9.793117143800613,4.859507179649909
404,IMG_1313.jpg,99.08662875810897,14.354123224654359,2,101.2550150018799,14.288223862638992,3.204382538685718
405,IMG_1439.jpg,115.41855621558521,23.876570588135642,4,114.29144578049133,23.86560414560974,10.513740951140182
406,IMG_1409.jpg,124.56157165852173,38.356980519867435,4,132.67372373858308,19.19755443384642,10.951609399901816
407,IMG_1461.jpg,106.64628272352743,10.59658110163512,5,104.50974850904805,20.940297711785313,8.375134308710049
408,IMG_1431.jpg,104.64869788594481,17.09807051873355,3,113.87257074792268,12.785713260815058,5.229183999133912
409,IMG_1447.jpg,121.45844122725381,19.800567934438757,5,135.06888209239483,8.74664754230496,7.941669741656685
410,IMG_1403.jpg,112.70296875871531,24.38813536468509,6,123.21635885506508,15.75843194221696,7.014344458569977
411,IMG_1463.jpg,108.30849794453731,14.9907266108776,5,117.37730158573177,11.492973224974158,10.814618629963785
412,IMG_1493.jpg,103.85363952160763,22.934813672695807,2,100.03430421426094,14.150135378809269,5.365036692872369
413,IMG_1465.jpg,117.39355532764489,38.99878630462866,6,154.84888918614618,11.443708377230939,8.5069594095063
414,IMG_1414.jpg,97.95612854232483,7.19370103705477,5,113.33538246325725,10.283984134726856,6.337102796461695
415,IMG_1422.jpg,102.61077793877881,36.550984233232214,1,106.24895921759348,17.800360975177814,0.0
416,IMG_1429.jpg,100.85504027595432,14.189148413148889,5,103.73114197323791,13.088170267060304,5.762904812111506
417,IMG_1483.jpg,124.0283574867271,26.004253161580017,4,126.82738496643024,17.008413260215118,8.199465529527888
418,IMG_1467.jpg,89.35963665067081,14.015159100851596,5,89.11785664892506,26.179844143267605,5.448447504399224
419,IMG_1411.jpg,123.45560882331547,33.08848127360554,4,132.2581543230061,12.539475584946128,6.446735136831293
420,IMG_1427.jpg,117.74997808887471,9.320595446749335,3,155.63625563773462,17.66504641680563,11.058769357289355
421,IMG_1445.jpg,103.46978192261415,7.755530387181201,9,179.8468398526576,20.08431356356286,7.3343199627401106
422,IMG_1433.jpg,104.65104125871542,10.48083060929094,4,116.15058546923363,17.378682411200554,4.178033149691117
423,IMG_1455.jpg,99.5404280733514,13.844431174036455,3,100.85685478388734,15.723690143289332,5.551452159164519
424,IMG_1425.jpg,119.32362114274243,18.11958068758755,6,122.343380040321,13.513178855311317,6.874429527255614
425,IMG_1435.jpg,96.46083944702634,6.5842790779430205,5,104.27819251752858,12.809725985592689,4.28430489755295
426,IMG_1451.jpg,104.97945939220999,17.679345384234253,2,110.26611311963157,24.4736344812091,12.002578557333687
427,IMG_1449.jpg,131.30658669090286,38.92216559318073,4,140.99671465703565,14.579903006262503,9.39396843962722
428,IMG_1489.jpg,134.5240848749781,11.338223378079359,4,133.86949819379092,13.852703634850151,7.629740938631339
429,IMG_1485.jpg,117.77113065391435,14.442552613100778,6,120.97709104846531,19.421916700818848,8.540227069436048
430,IMG_1453.jpg,112.34607879912235,24.61069202613789,4,115.45944053760891,27.686318529180785,5.423031155710182
431,IMG_1399.jpg,116.05237481291323,22.929611082054063,4,117.93255205215621,28.948260209681184,6.214885089896697
432,IMG_1487.jpg,89.8527923157094,9.11352352596478,8,90.64659460325291,5.703295974691585,9.747389570988853
433,IMG_1491.jpg,103.24689957666361,20.673468676833384,6,144.06352457651064,23.979933807000215,7.455030715824264
434,IMG_1418.jpg,113.49687238003753,18.976897075116383,5,129.80750245715956,24.717758255543636,8.647936659606893
435,IMG_1481.jpg,133.00416693183698,21.538787718376824,5,140.39379487448502,23.84256452036686,6.1274495350613325
436,IMG_1459.jpg,126.23097561292913,7.629862955896936,4,133.14014007223628,18.688552073740603,11.292115496004994
437,IMG_1457.jpg,126.35771977230722,30.64151700897775,3,130.17361533700122,23.874865690002174,4.544293013884418
438,IMG_1443.jpg,90.10571738908864,6.464856226872182,4,93.01948353837807,13.510089179917161,15.90194749577152
439,IMG_1441.jpg,86.82103753959083,21.556774442854856,4,120.14767709724504,23.00313952131027,8.280395486063851
440,IMG_1477.jpg,95.76404174760277,9.019060244352287,3,102.08608033655831,9.064476319150625,7.030475438913018
441,IMG_1405.jpg,110.9589498143286,21.704853553964348,5,114.81050954762868,21.774583982754688,7.281391336237347
442,IMG_1475.jpg,93.1130606335908,6.88162910277714,4,93.40117089011069,15.606555419074953,4.972673838820821
443,IMG_1437.jpg,103.99716746280355,21.630550458104228,3,105.32055916154656,32.2968106798715,6.0110248996366
444,IMG_1495.jpg,98.80416721836318,11.801487265568536,3,101.7404180191454,18.60498483239108,5.939181266053417
445,IMG_1473.jpg,86.00491244866107,7.247292643517963,5,95.41621864555867,16.565084342561605,4.135896550177061
446,IMG_1416.jpg,112.38275829558397,5.831149878500114,4,139.97026069976727,14.335189356916441,5.301490780131035
447,IMG_1479.jpg,121.9279805392847,16.981704221045216,4,157.81430004022533,23.213487880915373,12.865044455919605
448,IMG_1471.jpg,95.53986050273616,19.132241690773444,4,106.34495058703047,24.454725002627953,7.593716810398589
449,IMG_1469.jpg,134.01462054734088,8.76281465832714,6,145.5993416644722,13.136446136513795,3.762391736166329
450,IMG_1407.jpg,108.9733220472118,28.049425487220248,2,114.80686095257182,28.330492085975205,2.5151527225701096
451,IMG_1422.jpg,102.98311651552847,22.255570439002003,3,103.10882086204737,16.46625701819055,9.792612130095266
